id,text,label,Comments
2446,"Ten aanzien van het niet openbaar maken van de notulen van de ministerraad verklaar ik het bezwaar ongegrond en handhaaf ik mijn besluit van 3 maart 2021. DE MINISTER-PRESIDENT, Minister van Algemene Zaken, namens deze, Secretari-Generaal drs. G.J. Buitendijk Beroepsclausule U kunt tegen deze beschikking beroep instellen bij de sector bestuursrecht van de rechtbank binnen het rechtsgebied waar uv woonachtig bent.",afgewezen,
2447,"Ik heb besloten aan uw verzoek tegemoet te komen en de informatie waarom u verzocht openbaar te maken, met uitzondering van de daarin vermelde persoonsgegevens. Op grond van artikel 10, tweede lid, aanhef en onder e‚, van de Wob blijft verstrekking van informatie achterwege voor zover het belang daarvan niet opweegt tegen het belang dat de persoonlijke levenssfeer wordt geëerbiedigd. In de email staan persoonsgegevens. Ik ben van oordeel dat t.a.v.",deels openbaar,
2448,"Ik heb besloten aan uw verzoek tegemoet te komen en de informatie waarom u verzocht openbaar te maken, met uitzondering van de daarin vermelde persoonsgegevens. Op grond van artikel 10, tweede lid, aanhef en onder e‚ van de Wob blijft verstrekking van informatie achterwege voor zover het belang daarvan niet opweegt tegen het belang dat de persoonlijke levenssfeer wordt geëerbiedigd. In de email staan persoonsgegevens.",deels openbaar,
2449,"Ik heb besloten aan uw verzoek tegemoet te komen en de informatie waarom u verzocht openbaar te maken, met uitzondering van de daarin vermelde persoonsgegevens en enkele vergaderingskoppelingen. De eerbiediging van de persoonlijke levenssfeer Op grond van artikel 10, tweede lid, aanhef en onder e‚, van de Wob blijft verstrekking van informatie achterwege voor zover het belang daarvan niet opweegt tegen het belang dat de persoonlijke levenssfeer wordt geëerbiedigd. In de verslagen staan persoonsgegevens. Ik ben van oordeel dat t.a.v.",deels openbaar,
2450,"Ik heb besloten aan uw verzoek tegemoet te komen en de informatie waarom u verzocht openbaar te maken, met uitzondering van de daarin vermelde persoonsgegevens en enkele vergaderingskoppelingen. Persoonlijke levenssfeer Op grond van artikel 10, tweede lid, aanhef en onder e, van de Wob blijft verstrekking van informatie achterwege voor zover het belang daarvan niet opweegt tegen het belang dat de persoonlijke levenssfeer wordt geëerbiedigd. In de verslagen staan persoonsgegevens. Ik ben van oordeel dat t.a.v.",deels openbaar,
2451,"De notulen van de ministerraad besluit ik niet openbaar te maken met een beroep op de artikelen 10 tweede lid, onder g, en ti van de Wob Voor mijn overwegingen verwijs tk u naar de navolgende almea’s.",afgewezen,
2452,"Gelet op hetgeen hiervoor is overwogen, verklaar ik uw bezwaar ongegrond en handhaaf ik mijn besluit van 7 juni 2021. DE MINISTER-PRESIDENT, Minister van Algemene Zaken, namens deze, De Secretaris-Generaal, ijk Beroepsclausule U kunt tegen deze beschikking beroep instellen bij de sector bestuursrecht van de rechtbank binnen het rechtsgebied waar u woonachtig bent. Het beroepschrift moet binnen zes weken na de dag waarop de beschikking aan u is toegezonden door de rechtbank zijn ontvangen. U kunt ook digitaal beroep instellen via http://loket.rechtspraak.nl/bestuursrecht.",afgewezen,
2453,"De conclusies van de MCSP besluit ik niet openbaar te maken met een beroep op de artikelen 10 tweede lid, onder g, en 11 van de Wob. Voor mijn overwegingen verwijs ik u naar de navolgende alinea's.",afgewezen,
2454,Ik besluit de door u gevraagde informatie openbaar te maken. Ik licht mijn besluit hieronder toe. Wettelijk kader Per 1 mei 2022 ts de Wet open overheid (hierna: de Woo) als opvolger van de Wet openbaarheid van bestuur in werking getreden. In de Woo is geen overgangsrecht neergelegd ten aanzien van verzoeken die voor 1 mei 2022 zijn ingediend.,deels openbaar,
2455,"Uw verzoek valt niet onder de reikwijdte van de Wet open overheid (Woo). De reden daarvoor is als volgt. Motivering De door u opgevraagde informatie is reeds openbaar gemaakt bij de beantwoording van Kamervragen en is daarmee voor een ieder toegankelijk. De Woo is niet van toepassing op deze informatie, omdat de Woo alleen van toepassing is op informatie die nog niet openbaar is.",afgewezen,
2456,"Ik besluit de door u gevraagde informatie niet openbaar te maken. Ik licht mijn besluit hieronder toe. Inventarisatie documenten In het kader van uw verzoek zijn verscheidene documenten aangetroffen. Wettelijk kader Op grond van artikel 4.1, eerste lid, van de Woo kan een ieder een verzoek om publieke informatie richten tot een bestuursorgaan.",afgewezen,
2457,"Ik besluit de door u gevraagde informatie niet openbaar te maken. Ik licht mijn besluit hieronder toe. Inventarisatie documenten In het kader van uw verzoek zijn verscheidene documenten aangetroffen. Wettelijk kader Op grond van artikel 4.1, eerste lid, van de Woo kan een ieder een verzoek om publieke informatie richten tot een bestuursorgaan.",afgewezen,
2458,"Er zijn geen nieuw gebleken feiten of veranderde omstandigheden. Met toepassing van artikel 4:6, tweede lid, van de Awb wordt de herhaalde aanvraag afgewezen onder verwijzing naar voornoemde bestissing op bezwaar Motivering U stelt in uw aanvraag — zonder nadere toelichting of motivering - dat de inwerkingtreding van de Woo zou moeten leiden tot een ander besluit dan de beslissing op het Wob-verzoek. Uit de tekst van de Woo, de Memorie van Toelichting, uit de parlementaire behandeling, noch uit de jurisprudentie volgt dat voor de openbaarheid van de notulen van de ministerraad onder de Woo een ander regime heeft te gelden dan onder de Wob. Ook zijn er geen andere feiten of omstandigheden door u aangevoerd, of anderszins kenbaar, waaruit zou volgen dat onder de Woo een ander besluit zou worden genomen dan is verwoord in de voornoemde beslissing op bezwaar.",afgewezen,
2459,Ik besluit de door u gevraagde documenten niet openbaar te maken. De documenten die vallen onder de eerste twee punten van uw verzoek worden geweigerd op grond van art. 5.1.2.i van de Woo. De documenten die vallen onder de laatste twee punten van uw verzoek worden geweigerd op grond van art.,afgewezen,
2460,"Ik neem uw verzoeken niet in behandeling. 2. Motivering Op basis van artikel 4.6 van de Woo kan ik besluiten een verzoek niet te behandelen, als mij duidelijk is dat verzoeker de bevoegdheid om Woo-verzoeken in te dienen misbruikt. Uw verzoeken, in samenhang beschouwd, vormen misbruik van recht en ik acht hiertoe het volgende redengevend.",afgewezen,
2461,"op bezwaar Ik verklaar uw bezwaar gegrond, omdat u terecht aangeeft dat uit het instellen van een beroep niet tijdig beslissen niet geconcludeerd kan worden dat u niet (langer) bereid zou zijn om mee te werken aan een precisering van het verzoek. Daarnaast is uit verdere bestudering van de documenten gebleken dat aan de hand van uw verzoek en de naar aanleiding daarvan gevonden documenten beslist kan worden over de openbaarheid van deze documenten. Gelet op het voorgaande verklaar ik uw bezwaar gegrond en herroep ik het bestreden besluit. In plaats daarvan beslis ik als volgt op uw verzoek.",deels openbaar,
2462,"Ik verklaar uw bezwaar niet-ontvankelijk, omdat uw bezwaarschrift niet de gronden van bezwaar bevat. Juridisch kader Voor de relevante wetsartikelen verwijs ik naar de artikelen 1:3, 6:5, 7:1, 7:3 en B:t van de Algemene wet bestuursrecht (hierna: Awb) Overwegingen Ingevolge artikel 6:5 van de Awb moet een bezwaarschrift aan een aantal eisen voldoen. Eén van deze eisen is dat het bezwaarschrift de gronden van bezwaar bevat. Uw bezwaarschrift bevat geen gronden.",afgewezen,
2463,Het sms-bericht maak ík niet openbaar. Het betreft een bericht aan de minister- president en een ambtenaar van het ministerie van Algemene Zaken van zijn politiek assistent. Dit bericht bestaat uit de opvattingen van twee bewindspersonen over de eenheid van het kabinetsbeleid. Openbaarmaking van het bericht zal de eenheid van het kabinetsbeleid schaden.,afgewezen,
2464,Ik verklaar uw bezwaarschrift niet-ontvankelijk omdat het niet voldoet aan de vereisten van art. 6:5 Awb.,afgewezen,
2465,"Ik besluit de door u gevraagde informatie in het geheel niet openbaar te maken. Overwegingen Op grond van artikel 5,1, tweede lid, aanhef en onder a, van de Woo kan ik geen informatie openbaar maken als dit de relatie van Nederland met andere landen, staten of internationale organisaties beschadigt en dit belang zwaarder weegt dan het belang van openbaarheid. Ook in het internationale contact is openbaarheid en transparantie steeds gebruikelijker en belangrijker voor het goede functioneren van de democratische rechtsorde. In dit geval echter kan worden aangenomen dat in de toekomst het overleg met die landen of internationale organisaties moeilijker gaat, wanneer ik deze informatie openbaar maak.",afgewezen,
2466,"Ik besluit de door u gevraagde informatie in het geheel niet openbaar te maken. Overwegingen Op grond van artikel 5,1, tweede lid, aanhef en onder a, van de Woo kan ik geen informatie openbaar maken als dit de relatie van Nederland met andere landen, staten of internationale organisaties beschadigt en dit belang zwaarder weegt dan het belang van openbaarheid. Ook in het internationale contact is openbaarheid en transparantie steeds gebruikelijker en belangrijker voor het goede functioneren van de democratische rechtsorde. In dit geval echter kan worden aangenomen dat in de toekomst het overleg met die landen of internationale organisaties moeilijker gaat, wanneer ik deze informatie openbaar maak.",afgewezen,
2467,"Ik besluit de door u gevraagde informatie niet openbaar te maken en licht mijn besluit hieronder toe. Inventarisatie documenten In het kader van uw verzoek zijn verscheidene documenten aangetroffen. De documenten zijn niet opgenomen in een inventarislijst. Op een inventarislijst worden de data, opschriften, afzenders en ontvangers van de documenten opgenomen.",afgewezen,
2468,"Gelet op het voorgaande verklaar ik uw bezwaar gegrond ten aanzien van de documenten waarbij ik heb besloten meer informatie openbaar te maken op grond van de Wob c.q. de documenten waarbij ik heb besloten artikel 10, tweede lid, aanhef en onder a, van de Wob dan wel artikel 11 van de Wob niet meer toepassen. Ten aanzien daarvan herroep ik het bestreden besluit en maak ik dus meer informatie openbaar op grond van de Wob, gelet op het algemeen belang van openbaarmaking. Voor het overige verklaar ik uw bezwaar ongegrond en handhaaf ik het bestreden besluit onder aanvulling van de gronden.",deels openbaar,
2469,"Nu het onderwerp van uw verzoek geen bestuurlijke aangelegenheid betreft en er bovendien geen documenten zijn aangetroffen, wordt uw verzoek afgewezen. Plaatsing op internet Dit besluit wordt geplaatst op https://www.rijksoverheid.nl/onderwerpen/wet-openbaarheid-van- bestuur-wob, zodat het voor een ieder beschikbaar is. Mocht u naar aanleiding van dit besluit vragen hebben, kunt u contact opnemen met de directie Juridische Zaken via wob@minbuza.nl. De minister Buitenlandse Zaken, namens deze, de directeur van de directie Communicatie, [Deze brief is niet voorzien van een handtekening vanwege de (werk-) voorschriften rondom Covíd-19.",afgewezen,
2470,"Ik heb besloten aan uw verzoek tegemoet te komen en de informatie waarom u verzocht openbaar te maken. De gevraagde informatie treft u onderstaand aan. Daarbij heb ik een drietal passages onleesbaar gemaakt op grond van artikel 10 lid 2 sub a van de Wob (de betrekkingen van Nederland met andere staten en met internationale organisaties). Op grond van artikel 10, tweede lid, aanhef en onder a, van de Wob blijft verstrekking van informatie achterwege voor zover het belang daarvan niet opweegt tegen het belang van de betrekkingen van Nederland met andere staten en met internationale organisaties.",deels openbaar,
2471,"Ik verklaar uw bezwaarschrift ongegrond. Voor de motivering verwijs ik u naar het onderdeel ‘Overwegingen ten aanzien van de gronden van Bezwaar’. Procedureverloop Bij brief van 5 februari 2021, door mij ontvangen op 8 februari 2021, heeft u met een beroep op de Wet openbaarheid van bestuur (hierna: Wob) informatie verzocht over het WK voetbal dat in 2022 in Qatar wordt gehouden. U vraagt met betrekking tot voornoemd onderwerp documenten over de periode 2010 c.q.",afgewezen,
2472,"Ik verklaar uw bezwaarschrift gegrond. Voor de motivering verwijs ik u naar het onderdeel ‘Overwegingen ten aanzien van de gronden van Bezwaar’. Procedureverloop Bij brief van 29 augustus 2019 heeft u met een beroep op de Wet openbaarheid van bestuur (hierna: Wob) informatie verzocht over “alle informatie en documenten te verstrekken met betrekking tot (de erkenning van) de Armeense genocide van 1915, door de regering ook wel aangeduid als “de kwestie van de Armeense genocide” Gelet op de complexiteit en omvang van uw verzoek is overeengekomen dit in twee delen te behandelen, waarbij ten aanzien van beide delen een zelfstandig appellabel besluit zal worden genomen. Op 3 mei 2021 heb ík een beslissing genomen op uw verzoek.",deels openbaar,
2473,Ik heb besloten aan uw verzoek tegemoet te komen en de informatie waarom u verzocht openbaar te maken met uitzondering van de daarin vermelde persoonsgegevens. Onder het hoofdstuk Overwegingen van dit besluit licht ik dit toe. Overwegingen Algemene overweging: openbaarheid t.a.v. een ieder Als eerste wil ik u wijzen op het volgende.,deels openbaar,
2474,"Persoonsgegevens Ik heb besloten twee aangetroffen documenten geheel openbaar te maken en de overige documenten openbaar te maken met uitzondering van de daarin vermelde persoonsgegevens. Onder het hoofdstuk Motivering van dit besluit licht ik dit toe. Reeds openbare documenten Een zestal aangetroffen documenten, waarin statements zijn opgenomen, zijn al openbaar en voor iedereen beschikbaar. De Woo is niet van toepassing op reeds openbare documenten.",deels openbaar,
2475,"Nu ik geen documenten heb aangetroffen, wijs ik uw verzoek af.",niet aanwezig,
2476,"Gelet op hetgeen hiervoor is overwogen, verklaar ik uw bezwaar ongegrond en blijft het bestreden besluit in stand. Wijze van openbaarmaking en plaatsing op internet Dit besluit wordt geplaatst op Documenten | Rijksoverheid.nl, zodat het voor een ieder beschikbaar is. Hoogachtend, De minister van Buitenlandse Zaken, Namens deze, [Deze brief is vanwege de (werk)voorschriften rondom COVID-19 niet voorzien van een handtekening. In een formele en beveiligde omgeving is vastgelegd dat de beslissingsbevoegde akkoord is met de inhoud van dit document en de verzending daarvan.",afgewezen,
2477,"Ik heb besloten de e-mailwisseling betreffende de ontmoeting van UNSGSA met de Indiase Premier Modi niet openbaar te maken met een beroep op uitzonderingsgrond 5.1, tweede lid, aanhef en ondere, en 5.1, tweede lid, aanhef en onder i, van de Woo. In het besluit staat de nadere toelichting bij de toegepaste gronden. Hierdoor wordt duidelijk hetgeen is besloten met betrekking tot dit document.",afgewezen,
2478,"Gelet op hetgeen hiervoor heb overwogen, verklaar ik uw bezwaar (deels) gegrond en herroep het bestreden besluit ten aanzien van uw grond die ziet op de onvolledige inventarisatie. Ten aanzien van de overige gronden verklaar ik uw bezwaar ongegrond. Wijze van openbaarmaking De documenten die door mij (aangepast) openbaar worden gemaakt op grond van de Wob, treft u bij dit besluit in kopie aan. Mocht u naar aanleiding van dit besluit vragen hebben, dan kunt u contact opnemen met de contactpersoon of WOB@minbuza.nl.",deels openbaar,
2479,"Ik verklaar het bezwaar gegrond voor zover hierboven aangegeven. Voor het overige wordt uw bezwaar ongegrond verklaard. Waar sprake was van gebreken heb ik die met dit besluit hersteld. Vergoeding kosten bezwaar U heeft verzocht om vergoeding van de kosten van bezwaar met een beroep op artikel 7:15, tweede lid, van de Awb.",deels openbaar,
2480,"Gelet op de inhoud van het bezwaarschrift, beoordeeld in samenhang met het bestreden besluit, kan het bezwaar niet leiden tot een andersluidend besluit. Uw bezwaar wordt dan ook ongegrond verklaard. Wijze van openbaarmaking Een geanonimiseerde versie van dit besluit wordt geplaatst op Documenten | Rijksoverheid.nl, zodat het voor een ieder beschikbaar is. Hoogachtend, De minister van Buitenlandse Zaken, Namens deze, De Directeur van de Directie Integratie Europa [Deze brief is niet voorzien van een handtekening.",afgewezen,
2481,"Ik verklaar uw bezwaar ongegrond. Verloop van de procedure In uw e-mail van 9 augustus 2022, ontvangen op 9 augustus 2022, heeft u gevraagd om openbaarmaking van alle documenten met betrekking tot het Aanspreekpunt Potentiéle Buitenlandse Investeerders (hierna: APBI) over de periode 1995 tot en met 9 augustus 2022. Tot de gevraagde documenten behoren onder andere documenten die betrekking hebben op (het beleid over) de competentie van het APBI (waaronder de vraag wanneer sprake is van een potentieel buitenlandse investeerder), de modus operandi en werkwijze van het APBI (waaronder het functioneren als aanspreekpunt voor het Ministerie van EZ/NFIA, het Ministerie van Financién en collega’s van de Belastingdienst), (beleids-)evaluaties, jaar- en reisverslagen, nieuwsbrieven en overige uitingen van het APBI, en documenten over de inhoud van de gemaakte (typen) afspraken van het APBI met buitenlandse investeerder. De ontvangst van uw verzoek is schriftelijk bevestigd bij e-mail van 17 augustus 2022.",afgewezen,
2482,"Ik heb besloten het door u genoemde document integraal niet openbaar te maken onder toepassing van het artikel 5.1, vijfde lid, van de Woo. Onder het hoofd ‘Overwegingen’ van dit besluit licht ik dit toe. Overwegingen Algemene overweging: openbaarheid t.a.v. een ieder Als eerste wil ik u wijzen op het volgende.",afgewezen,
2483,"9 Kenmerk Min-BuZa.2023.15545-72 Gelet op de inhoud van het bezwaarschrift, beoordeeld in samenhang met het bestreden besluit kan het bezwaar niet leiden tot een andersluidend besluit. Uw bezwaar wordt dan ook ongegrond verklaard. Wijze van openbaarmaking Een geanonimiseerde versie van het besluit wordt geplaatst op Documenten | Rijksoverheid.nl, zodat het voor een ieder beschikbaar is. Hoogachtend, De minister van Buitenlandse Zaken, Namens deze, De waarnemend directeur-generaal Politieke Zaken [Deze brief is niet voorzien van een handtekening.",afgewezen,
2485,"Om u meer duidelijkheid te verschaffen over de Beams van de C-130 Hercules, besluit ik een tweetal kaarten openbaar te maken met daarop de route van beide tactische naderingen weergegeven. Deze zijn als bijlage bij dit besluit gevoegd. Ook de exacte cijfers over hoe vaak de Beam vanuit verschillende richtingen is uitgevoerd in het jaar 2020, besluit ik hierbij openbaar te maken. Aantal naderingen Vanuit oostelijke richting, linksom 0 Vanuit oostelijke richting, rechtsom 0 Vanuit westelijke richting, linksom 133 Vanuit westelijke richting, rechtsom 79 _ Totaal 212 Tabel 1 Toelichting op uw verzoek In verzoek stelt u dat er onevenredig vaak een Beam wordt geoefend boven Veldhoven.",deels openbaar,
2487,"Omdat u uw verzoek om informatie onvoldoende heeft geëxpliciteerd en u deze informatie via een andere openbaarmakingsregeling kunt verkrijgen, besluit ik uw verzoek af te wijzen. Ik vertrouw erop u hiermee voldoende te hebben geïnformeerd. Hoogachtend, De Minis nsie vo e Directeur Commu W.T.A. van de\Weegen Belanghebbenden kunnen binnen zes weken na bekendmaking van dit besluit bezwaar indienen bij de Minister van Defensie.",afgewezen,
2489,"In antwoord op uw verzoek besluit ik de onderzoeksopdracht en de onderzoeksopzet van het onderzoek inzake de voorgenomen heropening van vliegbasis De Peel niet openbaar te maken. Het omgevingsonderzoek van Kantar naar de voorgenomen reactivering van vliegbasis De Peel is een reeds openbaar onderzoek, waardoor de Wob daarop niet van toepassing is. Overwegingen Op grond van artikel 10, tweede lid, aanhef en onder g, van de Wob (onevenredige benadeling) maak ik de onderzoeksopdracht en onderzoeksopzet van de student niet openbaar. De informatie waar u om vraagt, betreft een onderzoek dat nog niet is afgerond en dus nog in ontwikkeling is.",deels openbaar,
2490,"en motivering Ik neem uw verzoek niet in behandeling. Op basis van artikel 4.1, vijfde lid, van de Woo verzoekt het bestuursorgaan binnen twee weken na ontvangst van een te algemeen geformuleerd verzoek de verzoeker om het verzoek te preciseren. In artikel 4.1, zesde lid, van de Woo, is bepaald dat het bestuursorgaan kan besluiten het verzoek niet te behandelen indien het verzoek niet gespecificeerd wordt.",afgewezen,
2491,"Behandeling van uw Wob-verzoek Op 20 september heeft u een verzoek ingediend naar het aftreden van minister Bijleveld. Op 25 oktober 2021 is het Wob-besluit met referentienummer BS2021022074 aan u verzonden, waarbij twee documenten openbaar zijn gemaakt. U vraagt naar documenten die zien op de behandeling van uw Wob-verzoek. De sectie Wob heeft bij de behandeling van dit verzoek navraag gedaan bij de woordvoerder van de minister of er documenten zijn opgesteld door het ministerie over haar aftreden.",niet aanwezig,
2492,door Veiligheidsregio Rotterdam Rijnmond — reeds openbaar Op 21 juni 2022 heeft de Veiligheidsregio Rotterdam Rijnmond (VRR) een besluit genomen op een door u ingediend Woo-verzoek dat op hetzelfde onderwerp ziet als het onderhavige verzoek.,afgewezen,
2493,"Ik besluit geen informatie openbaar te maken over het al dan niet leveren van container sideloaders aan Oekraïne, omdat de eventuele openbaarmaking niet Pagina 1 van 2 Bestuursstaf Directie Communicatie Locatie Den Haag - Plein-Kalvermarktc. Kalvermarkt 32 's-Gravenhage Postadres Kalvermarkt 38 2511 CB 'S-GRAVENHAGE MPC 58B Contactpersoon mr. J. (Joey) van der Sloot Woo-functionaris T E.",afgewezen,
2494,"Ingevolge artikel 1, onder a, gelezen in samenhang met artikel 3, eerste lid, van de Wob, kan een ieder een verzoek om informatie neergelegd in documenten over een bestuurlijke aangelegenheid richten tot een bestuursorgaan. Zie voor de relevante passages van de Wob bijlage A. De verplichting tot openbaarmaking van documenten geldt uiteraard niet indien er bij het bestuursorgaan geen stukken aanwezig zijn die de gevraagde informatie bevatten. Het door u gevraagde gespreksverslag is niet aanwezig.",niet aanwezig,
2495,Ik besluit de door u gevraagde informatie over de exacte locatie van de wietteler in Almere niet openbaar te maken. Hieronder leg ik dat uit. Wettelijk kader Uw verzoek om informatie is beoordeeld op grond van de Wob. Voor de relevante bepalingen verwijs ik u naar bijlage A.,afgewezen,
2496,"Ik verklaar uw bezwaar gegrond, omdat de in het bestreden besluit gebruikte weigeringsgronden voor de bedragen van subsidie- en opdrachtverleningen hierop niet van toepassing zijn. Verloop van de procedure Bij brief van 8 juli 2020 heeft u een verzoek gedaan als bedoeld in artikel 3, eerste lid, van de Wet openbaarheid van bestuur (hierna: Wob). U heeft verzocht om u documenten te verstrekken die betrekking hebben op de Wet kwaliteitsborging voor het bouwen, waaronder de voorbereiding en de uitvoering daarvan. Bij brief van 9 juli 2020 heb ik de ontvangst van uw verzoek aan u bevestigd.",deels openbaar,
2497,"De twee door u verzochte, en hierboven genoemde, documenten zijn reeds openbaar, maar online lastig toegankelijk. Daarom worden beide documenten bij dit besluit aan u toegestuurd. De documenten worden, gelijk met dit besluit, per e-mail aan u verzonden. Tevens worden dit besluit en deze documenten op www.rijksoverheid.nl geplaatst.",openbaar,
2498,Ik heb besloten de openbaarmaking van de 7 documenten integraal te weigeren. Voor de motivering verwijs ik naar onderdeel ‘Overwegingen’ van dit besluit. Overwegingen id t.a.v. r Allereerst wil ik u wijzen op het volgende.,afgewezen,
2499,"Ik vul mijn besluit van 11 september 2020, met kenmerk 2020-0000536603, aan. De door u gevraagde informatie wordt alsnog openbaar gemaakt met uitzondering van de daarin vermelde persoonsgegevens en dat wat buiten de reikwijdte van uw verzoek valt. De persoonlijke beleidsopvattingen van mijn ambtenaren maak ik niet openbaar. De gedeeltelijke openbaarmaking wordt hieronder gemotiveerd.",deels openbaar,
2500,"Ik heb besloten uw verzoek af te wijzen. Voor de motivering verwijs ik naar onderdeel Overwegingen van dit besluit. Overwegingen De plicht tot openbaarmaking op grond van de Wob heeft geen betrekking op informatie die reeds openbaar is. Vereist is dat de documenten raadpleegbaar moeten zijn op een voor de verzoeker toegankelijke vorm en vindplaats, aldus art 7 lid 2 onder b van de Wob.",afgewezen,
2501,"Ik heb besloten de door u gevraagde informatie opgenomen in de documenten met nummers 1 en 2 niet openbaar te maken. Voor de motivering verwijs ik naar onderdeel overwegingen van dit besluit, Overwegingen Algemene overweging: openbaarheid t.a.v. een ieder Allereerst wil ik u wijzen op het volgende. Ingevolge artikel 3, vijfde lid, van de Wob, wordt een verzoek om informatie ingewilligd met inachtneming van het bepaalde in de artikelen 10 en 11.",afgewezen,
2503,"Ik besluit de door u gevraagde informatie niet openbaar te maken. Op de inventarislijst staat bij de documenten aangegeven welke uitzonderingsgronden zijn toegepast. De inventarislijst maakt integraal onderdeel uit van het besluit. Voor de motivering van dit besluit verwijs ik naar het onderdeel! “Overwegingen” onder 4 van deze brief, 4.",afgewezen,
2504,Ik besluit de door u gevraagde informatie in het geheel niet openbaar te maken.,afgewezen,
2505,"Ik besluit uw verzoek niet in behandeling te nemen. Motivering Iedereen kan een verzoek om openbaarmaking van informatie doen. De verzoeker moet daarin aangeven over welke aangelegenheid of welk specifieke document hij informatie wenst te ontvangen. Bij een te algemeen verzoek moet ik binnen twee weken aan de verzoeker vragen het verzoek zo snel mogelijk te preciseren en moet de verzoeker daarbij behuipzaam zijn (zie: artikel 4.1, vijfde lid Woo).",afgewezen,
2506,"Ik verklaar uw bezwaar gegrond ten aanzien van de onderdelen a, c, e, f, en i, Ten aanzien van die onderdelen herroep ik het bestreden besluit. Thans beslis ik hierover als volgt. De documenten met nummers 3, 13, 64, 76, 79, 87, 93, 94, 109, 112, 115, 124, 125, 131, 138, 141, 160, 164, 189, 190, 191, 192, 197 t/m 206 maak ik bij dit besluit gedeeltelijk openbaar. Voor het overige verklaar ik uw bezwaar ongegrond en handhaaf ik het bestreden besluit met een verbetering van de motivering.",deels openbaar,
2507,"Onder (op onderdelen) aanvullende motivering verklaar ik uw bezwaar ongegrond, omdat er geen aanvullende stukken zijn gevonden of documenten ten onrechte niet of wel openbaar zijn gemaakt. Verloop van de procedure Bij brief van 21 december 2021 heeft u een Wob-verzoek ingediend dat ziet op alie documenten in de ruimste zin des woords (o.a. brieven, [gespreks}]verslagen, mails, appjes, smsjes, overeenkomsten, besluiten, notulen, adviezen, taxaties etc. etc.) met betrekking tot het uitvoering geven door de Staat/Ministeries/RVB aan het vonnis van de rechtbank Den Haag d.d.",niet aanwezig,
2508,"Ik besluit uw verzoek niet in te willigen. De genoemde aangelegenheid is niet voldoende duidelijk gespecificeerd en ook is niet duidelijk over welk document informatie gewenst is. Nadat een verzoek is gedaan om nadere specificering van de aangelegenheid of het document, zijn door u nadere documenten verstrekt. Deze maken niet duidelijk waarover u nu informatie wenst te ontvangen op grond van de Wet open overheid.",afgewezen,
2509,Ik besluit de door u gevraagde informatie in het geheel niet openbaar te maken. 4. Overwegingen Algemene overweging: openbaarheid t.a.v. een ieder Als eerste wil ik u wijzen op het volgende.,afgewezen,
2510,Ik neem uw verzoek niet in behandeling. 2. Motivering Iedereen kan een verzoek om openbaarmaking van informatie doen. De verzoeker moet daarin aangeven over welke aangelegenheid of welk specifiek document hij informatie wenst te ontvangen.,afgewezen,
2511,"Ik neem uw verzoek om informatie openbaar te maken over de Actie-agenda Vakantieparken 2018-2020 en de Actie-agenda vakantieparken 2021-2022, niet in behandeling. 2. Motivering Iedereen kan een verzoek om openbaarmaking van informatie doen. De verzoeker moet daarin aangeven over welke aangelegenheid of welk specifiek document hij informatie wenst te ontvangen.",afgewezen,
2512,"Om voornoemde redenen verstrek ik u - onder toepassing van artikel 2,4 derde lid onder d van de Woo - de door u gevraagde informatie in de vorm van een uittreksel, Het uittreksel zal worden gepubliceerd op rijksoverheid.nt. Vragen Als u vragen heeft over de afhandeling van uw verzoek, dan kunt u contact opnemen met Voor meer informatie over de Woo-procedure, kunt u kijken op rijksoverheid.nl. De Minister van Binnenlandse Zaken en Koninkrijksrelaties, namens deze, Bezwaar Belanghebbenden kunnen binnen zes weken na bekendmaking van dit besluit daartegen per brief bezwaar maken bij de minister van Binnenlandse Zaken en Koninkrijksrelaties, Directie Constitutionele Zaken en Wetgeving, Postbus 20011, 2500 EA Den Haag. Het bezwaarschrift moet zijn ondertekend, voorzien zijn van een datum alsmede de naam en het adres van de indiener en dient vergezeld te gaan van de gronden waarop het bezwaar berust en, zo mogelijk, een afschrift van het besluit waartegen het bezwaar is gericht.",deels openbaar,
2513,Ik heb besloten uw verzoek in het geheel af te wijzen. In het navolgende kunt u de overwegingen lezen die ten grondslag liggen aan mijn besluit.,afgewezen,
2514,"Ik neem uw verzoek niet in behandeting. 2. Motivering Het zwaartepunt van de door u gevraagde informatie is aanwezig bij Rijkswaterstaat. De Tijdelijke beleidsregel inzake de toepassing van de Wet beheer rijkswaterstaatswerken op elektrische laadpunten op verzorgingsplaatsen!, waar u in uw verzoek naar verwijst, is opgesteld door Rijkswaterstaat.",afgewezen,
2516,"In de documenten met nummers 1, 2, 3, 4, 5, 6, 7, 8, 10, 11 en 12 blijft er na weglating van de informatie die ik weiger op grond van de artikelen 10 en 11 van de Wob geen informatie over de bestuurlijke aangelegenheid over die voor afzonderlijke verstrekking in aanmerking komt. Ik heb daarom besloten in zijn geheel geen informatie openbaar te maken. Het document met nummer 9 is reeds openbaar.",afgewezen,
2517,"Het document met nummer 1, het rapport van ENCO, is al naar u toegestuurd omdat dit document geheel openbaar is.",afgewezen,
2518,Ik heb besloten aan uw verzoek tegemoet te komen en de informatie waarom u verzocht openbaar te maken. Voor de motivering verwijs ik naar het onderdeel ‘Overwegingen’ van dit besluit. Overwegingen Algemene overweging: openbaarheid t.a.v. een ieder Allereerst wil ik u wijzen op het volgende.,openbaar,
2520,"Hierbij maak ik de op de inventarislijst genoemde documenten openbaar, op de wijze zoals nader toegelicht in dit besluit en de inventarislijst.",openbaar,
2524,van 19 november 2020 WIZ / 21259182 Op basis van uw verzoek zijn (aanvankelijk) drie documenten aangetroffen. De passages uit die documenten die onder de reikwijdte van uw verzoek vallen zijn samengevoegd tot één document en met inachtneming van de Wob openbaar gemaakt. Bedoelde passages zijn opgesteld ten behoeve van intern beraad en bevatten persoonlijke beleidsopvattingen. Ik verstrek daarover in beginsel geen informatie omdat ik het niet in het belang acht van een goede en democratische bestuursvoering als standpunten van ambtenaren zelfstandig worden betrokken in de publieke discussie.,deels openbaar,
2525,"Ik heb besloten de documenten openbaar te maken met uitzondering van de daarin vermelde persoonsgegevens, persoonlijke beleidsopvattingen en gegevens die leiden tot onevenredige bevoordeling of benadeling. Op de inventarislijst staat bij deze documenten aangegeven dat slechts de uitzonderingsgrond uit artikel 10, tweede lid, aanhef en onder e,‚ van de Wob (aangeduid met de afkorting 10.2.e) is toegepast. Ook is het artikel 10, tweede lid, aanhef en onder g (aangeduid met de afkorting 10.2.q) en artikel 11, eerste lid (aangeduid met de afkorting 11.1) toegepast. Voor de motivering verwijs ik naar onderdeel “Overwegingen” van dit besluit.",deels openbaar,
2526,Ik besluit de door u gevraagde informatie op dit moment in het geheel niet openbaar te maken. Op een later moment zal ik de door u gevraagde informatie opnieuw bezien wanneer openbaarmaking geen negatief effect meer zal hebben op de inzet van overheidsbeleid of op de situatie op de gasmarkt. Bij het volgende onderdeel licht ik toe welke overwegingen tot dit besluit hebben geleid. 4.,afgewezen,
2529,Ik kan uw verzoek niet inwilligen. De reden hiervoor is dat de door u verzochte stukken reeds openbaar zijn. U kunt alle stukken vinden op de website: www.klimaatakkoord.nl. In de reeds geopenbaarde stukken zijn bepaalde tekstdelen uitgezonderd van openbaarmaking.,afgewezen,
2530,"Gezien het vorenstaande verklaar ik uw bezwaar ongegrond. Dat betekent dat ik het besluit van 22 november 2022, kenmerk WIJZ / 22537869, handhaef. De Minister van Economische Zaken en Klimaat, namens deze: 1.2.e mr. A.F.",afgewezen,
2531,Uw verzoek valt niet binnen de reikwijdte van de Woo. Ik heb om die reden besloten de informatie die u vraagt niet openbaar te maken.,afgewezen,
2532,Ik besluit om de getroffen documenten waar uw Woo-verzoek op ziet — welke niet reeds openbaar zijn - openbaar te maken. 5. Overwegingen Als eerste wil ik u wijzen op het volgende. Iedereen heeft het recht om overheidsinformatie op te kunnen vragen zonder daarbij een reden te hoeven aangeven.,deels openbaar,
2533,"Gelet op het voorgaande wijs ik uw verzoek af. Ik beschik niet over documenten die vallen onder de reikwijdte van uw Wob-verzoek. Dit besluit zal in geanonimiseerde vorm op www.rijksoverheid.nl worden geplaatst. Hoogachtend, de Minister van Justitie en Veiligheid, namens deze, Dit document 1s elektronisch ondertekend door: K.",niet aanwezig,
2534,"Ik verklaar uw bezwaarschrift ongegrond. Voor de motivering van dit besluit verwijs ik u naar de overwegingen ten aanzien van het bezwaar. Verloop van de procedure Bij brief van 22 juli 2019, ontvangen op 25 juli 2019, heeft u mij op grond van de Wet openbaarheid van bestuur (hierna: Wob) verzocht om openbaarmaking van informatie over (de beantwoording van) Kamervragen naar aanleiding van een uitzending van het tv-programma Medialogica van 28 april 2019 over het tv- programma Ontvoerd. De ontvangst van uw Wob-verzoek is bevestigd bij brief van 8 augustus 2019.",afgewezen,
2535,Ik heb besloten uw verzoek af te wijzen en geen informatie openbaar te maken.,afgewezen,
2536,Ik besluit het door u gevraagde document niet openbaar te maken. Ik licht mijn besluit hieronder toe. Overwegingen Het desbetreffende document betreft een conceptrapport dat is geschreven door externe auteurs in opdracht van de Commissie Kennis en Onderzoek van de Politieonderwijsraad. Op dit conceptrapport is het auteursrecht van toepassing.,afgewezen,
2537,Ik heb besloten om uw verzoek af te wijzen. Onder ‘toelichting’ treft u mijn overwegingen aan bij deze beslissing.,afgewezen,
2538,Ik verklaar uw bezwaar gegrond en zie aanleiding om de in de uitspraak van de rechtbank genoemde passages van document 6 alsnog openbaar te maken. De betreffende passages neem ik op in dit besluit. Verloop van de procedure Bij brief van 10 januari 2018 heeft u een verzoek op grond van de Wet openbaarheid van bestuur (hierna Wob) gedaan naar documenten over een aantal onderwerpen met betrekking tot de vliegramp met de MHL7. Dit verzoek diende ter vervanging van uw eerdere verzoek van 19 juni 2017 naar de indexen van archieven van bestuursorganen die betrokken waren bij de vliegramp met de MH17 en wat daarmee annex is.,deels openbaar,
2539,"Op basis van uw verzoek zijn in het kader van dit deelbesluit 13 documenten aangetroffen. Het gaat hier om documenten die het resultaat zijn van overleggen, mondelinge besprekingen en reflecties op de taken en grondslagen van de verwerking van persoonsgegevens. De tussenliggende e-mails waaruit dit traject van besprekingen en reflecties kan worden afgeleid maken geen onderdeel uit van dit deelbesluit, omdat ook zonder deze e-mails een goed beeld ontstaat van het project ‘Taken en Grondslagen NCTV’ en het van belang werd geacht dit deelbesluit niet langer op te houden door het zoeken naar deze-mails. Dit laat onverlet dat de e-mails bij een later (deel)besluit wel worden betrokken.",afgewezen,
2540,Uw verzoek valt niet onder de reikwijdte van de Wob. Overwegingen De desbetreffende informatie is reeds openbaar en voor een ieder beschikbaar. De Wob is niet van toepassing op reeds openbare documenten. Uw verzoek valt daarmee niet onder de reikwijdte van de Wob.,afgewezen,
2541,"Ik heb besloten om aan uw verzoek tegemoet te komen. Dit zal ik hieronder toelichten. Toelichting Allereerst wil ik u wijzen op het volgende. Ingevolge artikel 3, vijfde lid, van de Wob, wordt een verzoek om informatie ingewilligd met inachtneming van het bepaalde in de artikelen 10 en 11.",deels openbaar,
2542,Ik verklaar uw bezwaar gegrond. Voor een motivering verwijs ik naar het onderdeel ‘Beoordeling van het bezwaar! van dit besluit. Verloop van de procedure Bij brief van 26 maart 2021 heeft een verzoek ingediend op grond van de Wet openbaarheid van bestuur (hierna: Wob).,deels openbaar,
2543,Er heeft een zoekslag plaatsgevonden binnen mijn departement plaatsgevonden. Er is op mijn departement een document aangetroffen. Reeds openbare documenten De Woo is niet van toepassing op documenten die al openbaar zijn. Het document is reeds openbaar.,afgewezen,
2544,"Ik heb besloten de door u gevraagde informatie niet openbaar te maken. Inzake uw verzoek onder punt 5 merk ik op dat de Wob niet voorschrijft om nieuwe documenten op te stellen. Uw verzoek om een tijdlijn op te stellen wijs ik af, Voor de motivering verwijs ik naar onderdeel “Overwegingen” van dit besluit. Overwegingen Allereerst wil ik u wijzen op het volgende.",afgewezen,
2545,"Ik kan uw verzoek op dit moment niet inwilligen, omdat het belang van de geadresseerde, in dit geval de Tweede Kamer der Staten-Generaal, om als eerste kennis te nemen van de informatie dit vereist op grond van artikel 5.1, vierde lid, Woo. De betreffende stukken zullen nog vóór 8 juli 2022 — het moment waarop het zomerreces van de Tweede Kamer ingaat — aan het parlement worden verstrekt. Motivering Iedereen heeft het recht om overheidsinformatie op te kunnen vragen zonder daarbij een reden te hoeven aangeven. Dit staat in het eerste artikel 1.1.",afgewezen,
2546,Er heeft een zoekslag plaatsgevonden binnen mijn departement plaatsgevonden. Er is op mijn departement een document aangetroffen. Reeds openbare documenten De Woo is niet van toepassing op documenten die al openbaar zijn. Het document is reeds openbaar.,afgewezen,
2547,"De documenten met nummers 14, 16, 86, 87, 94, 108, 109, 111, 112, 114, 115, 117, 118, 120, 121, 123, 124, 127, 128, 132, 141, 143, 144, 157, 159, 160, 165, 166, 167, 168, 169, 170, 175, 184, 189, 191, 194, 200, 202 zijn reeds openbaar en vallen derhalve buiten de reikwijdte van de Wob. Ik heb besloten (passages in) de door u gevraagde informatie opgenomen in de documenten met nummers 3, 34, 36, 38, 44, 47, 53, 55, 61, 63, 65, 67, 70, 74, 78, 91, 106, 140, 146, 151, 152, 153, 182, 196, 199 niet openbaar te maken. De door u gevraagde informatie opgenomen in de documenten met de overige nummers maak ik openbaar met uitzondering van de daarin opgenomen persoonsgegevens, passages uit documenten die zijn opgesteld ten behoeve van intern beraad die persoonlijke beleidsopvattingen bevatten, passages die onevenredig benadelend zijn voor derden en passages die bedrijfsvertrouwelijke informatie bevatten. Voor de motivering verwijs ik naar de overwegingen hieronder.",deels openbaar,
2548,Ik kan uw verzoek niet inwilligen. Er zijn namelijk geen door u gevraagde documenten bij het ministerie van Justitie en Veiligheid aangetroffen. Gesprekken over de uitvoering van de motie Van Kooten-Arissen tussen het ministerie van Justitie en Veiligheid en de Raad voor Rechtsbijstand hebben nooit plaatsgevonden. Door de uitvoering van de motie Van Nispen c.s.* is er namelijk al voldaan aan de motie Van Kooten-Arissen.,niet aanwezig,
2549,"Ik verklaar uw bezwaar ongegrond, omdat de door u verzochte informatie niet is aangetroffen. Voor de motivering verwijs ik u naar het onderdeel “Beoordeling van het bezwaar” van dit besluit. Verloop van de procedure Bij brief van 27 januari 2022 heeft u met een beroep op de Wet openbaarheid van bestuur (hierna: Wob) verzocht informatie openbaar te maken die betrekking heeft op een overleg dat in oktober en november 2007 zou hebben plaatsgevonden tussen gedeputeerde Paul Rüpp (hierna: de heer Rüpp) en mijn ambtsvoorganger Ernst Hirsch Ballin (hierna: de heer Hirsch Ballin) over uw dossier. Bij brief van 16 februari 2022 is de ontvangst van deze brief bevestigd.",afgewezen,
2550,"Ik verklaar uw bezwaar ongegrond. Voor de motivering verwijs ik u naar het onderdeel ‘beoordeling van het bezwaar’ in deze brief. Verloop van de procedure Bij brief van 9 augustus 2021 hebt u met een beroep op de Wet openbaarheid van bestuur (hierna: Wob) verzocht om documenten die betrekking hebben op de ‘bedreigingen aan het adres van journalisten, advocaten, rechters, officieren van justitie, (lokale en landelijke) politici, bestuurders (waaronder wethouders en burgemeesters) en de handelwijze, correspondentie en het beleid van uw ministerie daaromtrent”. Bij besluit van 16 februari 2022 met kenmerk 3838482 heb ik uw verzoek afgewezen en besloten om geen informatie openbaar te maken.",afgewezen,
2551,Ik besluit om uw verzoek niet in behandeling te nemen. Voor de motivering van het besluit verwijs ik u naar onderdeel 2 van dit besluit. 2. Motivering Op grond van artikel 4.1 lid 1 Woo kan eenieder een verzoek om publieke informatie richten aan een bestuursorgaan.,afgewezen,
2552,Directie Wetgeving en Ik besluit de door u gevraagde informatie openbaar te maken voor een ieder. De Juridische Zaken Sector Juridische Zaken en documenten zijn opgenomen in een inventarislijst. De inventarislijst is bij dit Wetgevingsbele d besluit gevoegd als bijlage 2. De inventarislijst maakt integraal onderdeel uit van het besluit.,openbaar,
2553,"Ik kan uw verzoek niet inwilligen. Het enige aangetroffen document binnen de reikwijdte van uw verzoek valt niet onder de werking van de Woo en door u verzochte informatie is verder alleen mondeling besproken tijdens een overleg ten tijde van het opstellen van het DTN 56 tussen de inlichtingen- en veiligheidsdiensten, de politie en de NCTV over dit thema. Als gevolg hiervan s geen informatie aangetroffen die op basis van uw verzoek in aanmerking komt voor openbaarmaking.",afgewezen,
2554,"Ik kan uw verzoek niet inwilligen. Het enige aangetroffen document binnen de reikwijdte van uw verzoek valt niet onder de werking van de Woo en door u verzochte informatie is verder alleen mondeling besproken tijdens een overleg ten tijde van het opstellen van het DTN 56 tussen de inlichtingen- en veiligheidsdiensten, de politie en de NCTV over dit thema. Als gevolg hiervan s geen informatie aangetroffen die op basis van uw verzoek in aanmerking komt voor openbaarmaking.",afgewezen,
2555,"De door u gevraagde informatie is, met uitzondering van één document, nummer 5 op de inventarislijst, reeds openbaar. Reeds openbare documenten vallen niet onder de Woo en maak ik niet nogmaals openbaar. Ik besluit om document 5 niet openbaar te maken. Op de inventarisatielijst is aangegeven welke uitzonderingsgronden zijn toegepast.",afgewezen,
2556,Gehele weigering Ik besluit 65 documenten in het geheel niet openbaar te maken. Per document is op de inventarislijst aangegeven welke uitzonderingsgronden zijn toegepast. Inventarislijst en motivering De inventarislijst bijlage 2 maakt integraal onderdeel uit van het besluit. Voor de motivering van dit besluit verwijs ik naar het onderdeel “motivering” van deze brief.,afgewezen,
2557,Ons kenmerk 4584927 Reeds openbaar De Woo is niet van toepassing op documenten die al openbaar zijn. Een deel van de door u gevraagde informatie is reeds openbaar. Het betreft hier zes documenten in het kader van het politieke proces. Op de inventarisatielijst staat bij de documenten de vindplaats aangegeven.,afgewezen,
2559,Ik verklaar uw bezwaar gegrond. Voor de motivering verwijs ik u naar het onderdeel ‘overwegingen’ in dit besluit. Verloop van de procedure Per mail van 3 oktober 2022 heeft de heer een Woo-verzoek ingediend. Het Woo-verzoek ging om de Regeling domeinlijsten buitengewoon opsporingsambtenaar en specifiek alle documenten over de definitie van het begrip digitaal handhaven in de zin van die regeling.,deels openbaar,
2560,"Ik verklaar uw bezwaar ongegrond maar herroep het primaire besluit voor zover dit doelt op document met nummer 0049, Verloop van de procedure Bij brief van 27 juli 2022 heeft u verzocht om openbaarmaking onder de Wet open overheid (Woo) van documenten betreffende de handhaving van een niet- sekseneutrale vangnetbepaling in het naamrecht. Bij brief van 9 augustus 2022 is de ontvangst van deze brief bevestigd. Bij brief van 23 augustus 2022 heb ik u laten weten dat de behandeling van uw verzoek meer tijd in beslag nam en de beslistermijn met twee weken verdaagd. Vervolgens bent u op de hoogte gehouden van het verdere verloop van de behandeling van uw verzoek.",deels openbaar,
2561,"Ik verklaar uw bezwaar ongegrond. De motivering hiervan treft u hieronder aan bij de overwegingen ten aanzien van de gronden van het bezwaar. Verloop van de procedure Op 20 januari 2022 heeft u met een beroep op de Wet openbaarheid van bestuur (hierna: Wob) een verzoek ingediend. Hierin heeft u verzocht om alle documenten te openbaren betreffende de communicatie tussen het ministerie van Justitie en Veiligheid (hierna: J&V) en de Europese Commissie inzake het Nederlands kansspelbeleid, over de periode van 4 april 2006 tot 7 december 2017.",afgewezen,
2562,Ik maak de documenten met nummers 1-85 niet openbaar. Wijze van openbaarmaking Dit besluit zal binnen vijf werkdagen na toezending geanonimiseerd worden gepubliceerd op www.rijksoverheid.nl en is via de volgende link op te zoeken.,afgewezen,
2563,"Ik maak het document openbaar. Wijze van openbaarmaking De feitelijke verstrekking van de het document blijft echter met een beroep op artikel 6, vijfde lid, van de Wob tijdelijk achterwege. Aangezien een belanghebbende zich mogelijk niet kan verenigen met de inhoud van dit besluit, wordt hij in de gelegenheid gesteld om een bezwaarschrift en een verzoek tot het treffen van een voorlopige voorziening in te dienen. Indien na twee weken na verzending van dit besluit géén bezwaarschrift en een verzoek om een voorlopige voorziening zijn ingediend, wordt overgegaan tot feitelijke verstrekking van het genoemde document.",openbaar,
2564,"Ik maak de documenten met nummers 1-15, 16.1, 17-31, 32.1, 33, 34, 35, 36.1, 36.2, 37, 38, 39, 40.1 en 40.2, behoudens de daarin opgenomen bedrijfs- en fabricagegegevens en persoonsgegevens, openbaar. Documenten met nummers 16.2, 16.3, 16.4, 16.5, 32.2, 32.3, 32.4, 32.5, 36.3, 36.4 en 36.5 maak ik volledig openbaar. Wijze van openbaarmaking De feitelijke verstrekking van de documenten blijft echter met een beroep op artikel 6, vijfde lid, van de Wob tijdelijk achterwege. Aangezien een belanghebbende zich mogelijk niet kan verenigen met de inhoud van dit besluit, wordt hij in de gelegenheid gesteld om een bezwaarschrift en een verzoek tot het treffen van een voorlopige voorziening in te dienen, Indien na 2 weken na verzending van dit besluit géén bezwaarschrift en een verzoek om een voorlopige voorziening zijn ingediend, wordt overgegaan tot feitelijke verstrekking van de genoemde documenten.",deels openbaar,
2565,"Ik maak de documenten met volgnummers 1, 10, 11, 21, 22, 23, 26, 27, 29, 32, 35, 37, 39, 40, 41, 42, 43, 44 en 45, behoudens de daarin opgenomen persoonsgegevens, openbaar. Domententen met de volgnummers 2, 3, 4, 5, 6, 7, 8, 9, 13, 14, 15, 16, 17, 18, 19, 20, 31, 33, 34, maak ik integraal openbaar. Wijze van openbaarmaking De feitelijke verstrekking van de documenten blijft echter met een beroep op artikel 6, vijfde lid, van de Wob tijdelijk achterwege. Aangezien een belanghebbende zich mogelijk niet kan verenigen met de inhoud van dit besluit, wordt hij in de gelegenheid gesteld om een bezwaarschrift en een verzoek tot het treffen van een voorlopige voorziening in te dienen.",deels openbaar,
2566,"Nu voor de openbaarmaking van de verzochte informatie een bijzondere openbaarmakingsregeling met een uitputtend karakter geldt, is de Wob op de openbaarmaking van deze informatie niet van toepassing. Het verzoek valt dan ook niet onder de reikwijdte van de Wob.",afgewezen,
2567,Er zijn bij de Inspectie SZW geen meldingen bekend met betrekking tot fysieke klachten. Er zijn bij het Ministerie van Sociale Zaken en Werkgelegenheid dan ook geen documenten aangetroffen met betrekking tot het verzoek. Derhalve kan niet tegemoet worden gekomen aan het verzoek. Wijze van openbaarmaking Dit besluit zal binnen vijf werkdagen na toezending geanonimiseerd worden gepubliceerd op www.rijksoverheid.nl en is via de volgende link op te zoeken.,niet aanwezig,
2568,"Ik maak de documenten met volgnummers 17a, 18a, 27h, 54, 56, 68a, 68b, 290b, 342 en 358c openbaar.",openbaar,
2569,"Onderdelen 1) en 2) Ik besluit de door u gevraagde informatie openbaar te maken middels artikel 2.4, derde lid, onder d, van de Woo. Er zijn geen uitzonderingsgronden noch beperkingen die zich tegen openbaarmaking van de opgenomen informatie verzetten. Onderdeel 3) Ik besluit onderdeel 3 buiten behandeling te stellen overeenkomstig artikel 4.1, vijfde lid jo. artikel 4.1, zesde lid van de Woo van aangezien ik u meerdere malen in de gelegenheid gesteld heb uw verzoek te preciseren en de termijn hiervoor ongebruikt is verstreken.",openbaar,
2570,"Ik heb een zoekslag verricht aan de hand van de door u opgesomde ontvangers en verzenders in uw verzoek en aan de hand van uw precisering van uw verzoek van 23 augustus 2022, In deze zoekslag heb ik gezocht naar communicatie in onder andere brieven, e-mails, WhatsApp en SMS-berichten. Ik heb geen door u gevraagde informatie aangetroffen. Om deze reden wijs ik uw verzoek af. Deze brief wordt op www.rijksoverheid.nl gepubliceerd.",niet aanwezig,
2571,"Ik maak de aangetroffen documenten in het geheel niet openbaar. Wijze van openbaarmaking Dit besluit zal binnen vijf werkdagen na toezending geanonimiseerd op www.rijksoverheid.nl worden geplaatst en is via de volgende link te raadplegen: http://www.rijksoverheid.nl/documenten?trefwoorden=&periode-van=&periode- tot=&onderdeel=Ministerie+ van+Sociale+ Zaken+en+Werkgelenheid&type=Wob-verzoek Datum: 20 januari 2022 Hoogachtend, de Minister van Sociale Zaken en Werkgelegenheid, namens deze, Mevr. mr. J.H.",afgewezen,
2572,Ik besluit het door u gevraagde niet openbaar te maken. Ik licht mijn besluit hieronder toe. 4.,afgewezen,
2573,"Uw verzoek valt niet onder de reikwijdte van de Wet open overheid (Woo). De reden daarvoor is als volgt. Met betrekking tot de informatie waar u om vraagt, gelden twee speciale openbaarheidsregelingen, die voorrang hebben boven de Woo. De Woo is niet van toepassing op die documenten.",afgewezen,
2574,Gehele weigering Ik besluit de door u gevraagde informatie in het geheel niet openbaar te maken. Voor de motivering van dit besluit verwijs ik naar het onderdeel “Overwegingen” onder drie van deze brief. 4.,afgewezen,
2575,Reeds openbare documenten De Woo is niet van toepassing op documenten die al openbaar zijn en voor een ieder toegankelijk. Negen documenten zijn al openbaar en staan op de inventarislijst als zodanig aangemerkt. Op de inventarislijst staat ook aangegeven waar u deze documenten kunt vinden. Geheel openbaar Ik besluit het document met volgnummer 4 geheel openbaar te maken.,deels openbaar,
2577,Ik besluit de niet gepubliceerde reacties niet openbaar te maken. Ik licht mijn besluit hieronder toe. Wettelijk kader Uw verzoek om informatie is beoordeeld op grond van de Wob. Voor relevante bepalingen verwijs ik u naar bijlage A.,afgewezen,
2578,"Ik besluit de door u gevraagde informatie niet openbaar te maken. Ik licht mijn besluit hieronder toe. Wettelijk kader Ik behandel uw verzoek als een verzoek op grond van de Woo. De relevante artikelen uit de Woo kunt u vinden in bijlage A bij deze brief, Overwegingen Als eerste wil ik u wijzen op het volgende.",afgewezen,
2579,"Ik verklaar uw bezwaar gegrond, omdat er documenten zijn gevonden die informatie bevatten waarom u verzocht heeft. Verloop van de procedure Bij brief van 14 december 2021 heeft u een verzoek ingediend op basis van de Wet openbaarheid van bestuur (thans: Wet open overheid) om alle informatie die betrekking heeft op het tot stand komen en formuleren van het antwoord op onderzoeksvraag 4 in het onderzoek “Effecten Fraude Signaleringsvoorziening op toeslaggerechtigden” van PricewaterhouseCoopers (hierna: PwC) d.d. 3 december 2021. Inbegrepen in uw verzoek zijn in elk geval maar niet uitsluitend: het definiëren van het begrip “CAF-zaak”, e-mails, whatsapp communicatie, verslagen van vergaderingen, notities en andere documenten, conceptversies van het rapport, gegevens die zijn aangeleverd aan het onderzoeksbureau, de gegevens waarop het onderzoeksbureau haar conclusies heeft gebaseerd.",deels openbaar,
2580,"Ik verklaar uw bezwaar gegrond, omdat er meer documenten zijn gevonden die informatie bevatten waarom u verzocht heeft. Verloop van de procedure Bij brief van 14 december 2021 heeft u een verzoek ingediend op basis van de Wet openbaarheid van bestuur (thans: Wet open overheid) om alle informatie die betrekking heeft op het tot stand komen en formuleren van onderzoeksvraag 4 in het onderzoek “Effecten Fraude Signaleringsvoorziening op toeslaggerechtigden” van PricewaterhouseCoopers (hierna: PwC) d.d. 3 december 2021. Inbegrepen in uw verzoek zijn in elk geval maar niet uitsluitend: het definiëren van het begrip “CAF-zaak”, e-mails, whatsapp communicatie, verslagen van vergaderingen, notities en andere documenten, conceptversies van het rapport, gegevens die zijn aangeleverd aan het onderzoeksbureau, de gegevens waarop het onderzoeksbureau haar conclusies heeft gebaseerd.",deels openbaar,
2582,"Voor zover nodig, wijs ik uw verzoek af. Het verzoek is conform artikel 4.2. lid 1 Woo door mij doorgestuurd. Tevens verwijs ik u naar het te nemen besluit van het bevoegd gezag (van het ministerie van Financiën).",afgewezen,
2583,"en motivering Op grond van de artikelen 1 en 3 van de Wob, kan eenieder een verzoek om informatie neergelegd in documenten over een bestuurlijke aangelegenheid richten tot een bestuursorgaan. Na inventarisatie blijkt dat er documenten zijn bij mijn ministerie die onder de reikwijdte van uw verzoek vallen. Al deze documenten zijn echter steeds gedeeld met het secretariaat van de studiegroep, die valt onder de verantwoordelijkheid van het Ministerie van LNV. Dit betekent dat de documenten zowel bij mijn ministerie als het Ministerie van LNV beschikbaar zijn.",afgewezen,
2584,Ik besluit de door u gevraagde documenten over de GEB/PIA FSV niet openbaar te maken. Voor de motivering hiervoor verwijs ik u naar hetgeen ik heb geschreven onder ‘Motivering’. De door u gevraagde werkinstructie aangaande de Wob is reeds openbaar. Daarom wijs ik uw verzoek om informatie af.,afgewezen,
2585,"Ik verklaar het bezwaar gegrond, herroep het bestreden besluit en stel dit besluit daarvoor in de plaats. Verloop van de procedure Bij brief van 24 september 2020, ontvangen op 25 september 2020, hebt u namens bezwaarden een verzoek ingediend ingevolge artikel 3 van de Wet openbaarheid van bestuur (Wob) (Wob-verzoek). Daarbij is verzocht om informatie over de wijze waarop: 1. de bevindingen van de parlementaire ondervragingscommissie fiscale constructies hun invloed hebben doen gelden op het toezicht op trustkantoren; 2.",deels openbaar,
2586,Ik kan uw verzoek niet inwilligen. De Woo is niet van toepassing op reeds openbare informatie. Ik wijs uw verzoek om informatie derhalve af. Hiertoe merk ik het volgende op.,afgewezen,
2587,"Ik verklaar uw bezwaar ongegrond, omdat de aangevoerde gronden niet kunnen leiden tot een herroeping van het besluit van 1 mei 2020. Verloop van de procedure Bij brief van 14 februari 2020 heeft uw gemachtigde namens u gevraagd om openbaarmaking van documenten vanaf 1 mei 2018 inzake de handelsstromen van groenten, fruit, kruiden, bloemen en wijn vanuit Israël en de door Israël bezette/geannexeerde gebieden naar en via Nederland. U hebt specifiek om de volgende documenten gevraagd: Douaneaangiften en alle daaraan onderliggende documenten; Uitvoerend beleid inzake douaneaangiften; Documenten op meta- of geaggregeerd niveau; Toezicht en handhavingsdocumenten per casus; en Communicatie tussen ministerie, Belastingdienst, Douane en/of FIOD onderling of Communicatie van Ministerie, Belastingdienst, Douane en/of FIOD met andere bestuursorganen of andere landen. UIRWNH Bij brief van 21 februari 2020 is de ontvangst van deze brief bevestigd, waarbij op grond van de Wet openbaarheid van bestuur (Wob) de beslistermijn met vier weken is verdaagd.",afgewezen,
2588,"Ik verklaar uw bezwaar ongegrond. Verloop van de procedure U hebt mij op 27 maart 2022 op grond van de Wet openbaarheid van bestuur (Wob) gevraagd om openbaarmaking van de volgende informatie. a. Personeelsdossiers van ADR-werknemers die vrijwillig zijn vertrokken na het behalen van de RA-/RA-/RO-titel, maar binnen de termijn dat ze nog studiekosten zouden moeten terugbetalen.",afgewezen,
2589,"Ik verklaar uw bezwaar ongegrond. Het besluit van 24 januari 2023 wordt gehandhaafd. Verloop van de procedure Op 13 augustus 2022 heeft u op grond van de Wet open overheid (Woo) gevraagd om openbaarmaking van alle documenten die betrekking hebben op het (concept van het) Besluit “Verrekenprijzen, toepassing van het arm’s- lengthbeginsel en de Transfer Pricing Guidelines for Multinational Enterprises and Tax Administrations (OESO-richtlijnen)” van 22 juni 2022 en het (concept van het) Besluit “Winstallocatie vaste inrichtingen” van 14 juni 2022. Bij brief van 9 september 2022 is de ontvangst van uw verzoek bevestigd, waarbij op grond van de Woo de beslistermijn ook met twee weken is verdaagd.",afgewezen,
2590,Ik wijs uw verzoek om informatie af. De Woo is niet van toepassing op reeds openbare informatie. Onderzoek heeft uitgewezen dat de door u gevraagde informatie al is gepubliceerd.,afgewezen,
2591,Ik besluit uw verzoek niet in behandeling te nemen. Voor de motivering verwijs ik u naar het onderdeel ‘Overwegingen’ van dit besluit. Overwegingen Iedereen kan een verzoek om openbaarmaking van informatie doen. De verzoeker moet daarin aangeven over welke aangelegenheid of welk specifiek document hij informatie wenst te ontvangen.,afgewezen,
2594,Ik kan uw verzoek niet inwilligen. De Woo is niet van toepassing op reeds openbare informatie. Ik wijs uw verzoek om informatie derhalve af. Hiertoe merk ik het volgende op.,afgewezen,
2595,Ik besluit de door u gevraagde informatie in het geheel niet openbaar te maken. Per document is op de inventarislijst aangegeven welke uitzonderingsgronden zijn toegepast. De inventarislijst maakt integraal onderdeel uit van het besluit. Voor de motivering van dit besluit verwijs ik naar het onderdeel “Overwegingen” van deze brief.,afgewezen,
2596,"De door u verstrekte gegevens zijn onvoldoende om uw verzoek in behandeling te nemen en een besluit te kunnen voorbereiden. Aangezien ugeen gebruik heeft gemaakt van de door mij geboden mogelijkheid om het verzoek te specificeren, besluit ik overeenkomstig artikel 4.1, zesde lid, van de Woo om uw verzoek niet in behandeling te nemen. Voor een nadere motivering verwijs ik naar het kopje ‘Motivering’. Procesverloop Op 9 februari 2023 heeft u mij in gebreke gesteld.",afgewezen,
2597,Ik besluit de door u gevraagde informatie niet openbaar te maken. Op de inventarislijst is aangegeven welke uitzonderingsgronden zijn toegepast. Voor de motivering van dit besluit verwijs ik u naar het onderdeel ‘Overwegingen’ van deze brief.,afgewezen,
2598,Ik verklaar uw bezwaar ongegrond. Verloop van de procedure Op 4 februari 2022 heeft u op grond van de Wet openbaarheid van bestuur (Wob) gevraagd om openbaarmaking van de documenten die betrekking hebben op het initiëren van tot en met het overdragen voor eventuele “productie” bij acht CAF- onderzoeken naar mogelijk (georganiseerd) misbruik van toeslagen. Op 25 februari 2022 heb ik de ontvangst van uw verzoek bevestigd. Op 10 april 2022 heeft u mij in gebreke gesteld voor het niet-tijdig nemen van een besluit op uw verzoek van 4 februari 2022.,afgewezen,
2599,"Ik verklaar uw bezwaar ongegrond. Verloop van de procedure Op 23 mei 2022 heeft u op grond van de Wet open overheid (Woo) gevraagd om openbaarmaking van informatie die betrekking heeft op onderzoeken naar diefstal (artikel 310 wetboek van Strafrecht, hierna: Sr), verduistering (artikel 321 Sr), bedrog (artikel 326 Sr) en valsheid in geschrifte (artikel 225 Sr), in de onderzoeken die worden genoemd in bijlage 2 van het ADR-onderzoeksrapport ‘Toeslaggerelateerde CAF-zaken’. Op 31 mei 2022 heb ik de ontvangst van uw verzoek bevestigd. Voor het verdere verloop van de procedure verwijs ik naar de opmerkingen hierover in mijn besluit van 16 december 2022.",afgewezen,
2600,"Ik verklaar uw bezwaar ongegrond. Verloop van de procedure Met de beslissing van 16 juni 2022 (kenmerk 2022-0000149492) heb ik beslist op uw bezwaar tegen mijn besluit van 10 januari 2022 (kenmerk (2021- 0000266463). Ik heb uw bezwaar ongegrond verklaard, waardoor informatie over het tussen Nederland en Duitsland in 2012 gesloten belastingverdrag niet openbaar wordt gemaakt. U heeft mij op 18 juni 2022 gevraagd om openbaarmaking van de zienswijze van het Duitse ministerie van Financiën in het kader van het verzoek dat heeft geleid tot de beslissing op bezwaar van 16 juni 2022.",afgewezen,
2601,Ik verklaar uw bezwaar ongegrond. Verloop van de procedure U heeft mij op 25 april 2022 op grond van de Wet openbaarheid van bestuur (Wob) gevraagd om openbaarmaking van de informatie die betrekking heeft op de handhaving van de regels rond schijnzelfstandigheid onder de Wet deregulering beoordeling Arbeidsrelaties (Wet DBA). Uw verzoek had betrekking op de periode vanaf 1 januari 2016. Vanwege de omvang van uw verzoek heeft u op 1 juni 2022 en 20 juni 2022 gesproken met medewerkers van mijn departement.,afgewezen,
2603,Ik verklaar uw bezwaar ongegrond. Verloop van de procedure Op 17 oktober 2022 heeft u op grond van de Wet open overheid (Woo) gevraagd om openbaarmaking van alle documenten die betrekking hebben op het onderzoek dat door VMS insight is verricht naar forfaits in de Wet BPM. U heeft daarbij onder meer gevraagd om: Dataset(s) incl. gebruikte instellingen/parameters/syntax/etc.,afgewezen,
2604,"Ik verklaar uw bezwaar gegrond, in zoverre dat de passages die werden geweigerd op basis van artikel 5.1, tweede lid, onderdeel a, Wet open overheid (Woo) alsnog openbaar worden gemaakt. Voor het overige handhaaf ik mijn besluit van 8 juli 2022. Verloop van de procedure Bij brief van 11 augustus 2021 heeft u op grond van de Wet openbaarheid van bestuur (Wob) gevraagd om de openbaarmaking van stukken die betrekking hebben op het Europees Herstelfonds, over de periode 1 maart 2020 tot heden. Ik heb met drie deelbesluiten beschikt op uw verzoek, namelijk op 16 november 2021, 29 maart 2022 en 8 juli 2022.",deels openbaar,
2605,Ik besluit de door u gevraagde informatie in het geheel niet openbaar te maken. Voor de motivering verwijs ik u naar het onderdeel ‘Overwegingen’ van dit besluit. Overwegingen Als eerste wil ik u wijzen op het volgende. Iedereen heeft het recht om overheidsinformatie op te kunnen vragen zonder daarbij een reden te hoeven aangeven.,afgewezen,
2606,"Ik verklaar uw bezwaar niet-ontvankelijk. Verloop van de procedure Met uw mail van 16 augustus 2022 heeft u op grond van de Wet open overheid gevraagd om de openbaarmaking van alle documenten inzake dwangsommen ten aanzien van het niet op tijd nemen van beslissingen op verzoeken betreffende herbeoordeling kinderopvangtoeslag. U hebt dit verzoek ingediend bij Toeslagen, te weten bij de postbus contactpersoonwoo@toeslagen.nl. Op 15 september 2022 heeft u Toeslagen in gebreke gesteld voor het niet-tijdig nemen van een beslissing op uw verzoek van 16 augustus 2022.",afgewezen,
2607,"Ik verklaar uw bezwaar ongegrond, omdat ik met mijn eerdere besluit op de juiste gronden openbaarmaking gedeeltelijk heb geweigerd. Ik licht mijn besluit hieronder toe. Verloop van de procedure Bij brief van 27 augustus 2021, ontvangen op 31 augustus 2021, heeft u met een beroep op de Wet openbaarheid van bestuur (hierna: Wob) verzocht om informatie die betrekking heeft op de Overeenkomst tussen de bevoegde autoriteiten van België en Nederland met betrekking tot de toepassing van artikel 18 van bet Verdrag, Staatscourant 2018, nr. 17744 (hierna: Overeenkomst).",afgewezen,
2608,Ik kan u verzoek niet honoreren.,afgewezen,
2610,"Ik heb besloten de door u gevraagde informatie opgenomen in het document in het geheel niet openbaar te maken. Het document wordt om die reden dan ook niet aan u verstrekt. Voor de motivering verwijs ik naar onderdeel ‘Overwegingen’ onder 4 van deze brief, 4, Overwegingen Allereerst wil ik u wijzen op het volgende. Ingevolge artikel 3, vijfde lid, van de Wob, wordt een verzoek om informatie ingewilligd met inachtneming van het bepaalde in de artikelen 10 en 11.",afgewezen,
2613,Ik heb besloten het conceptverslag van de stuurgroep van 25 augustus 2022 in het geheel niet openbaar te maken. Zie hierover onderdeel 4 van deze brief. 4. Overwegingen Als eerste wil ik u wijzen op het volgende.,afgewezen,
2614,"In het kader van herbeoordeling op grond van de Woo wordt een passage uit het document ‘Stand van zaken en achtergronden bij IGBO', die eerder (m.i. destijds nog altijd terecht) was verwijderd op grond van art. 11 lid 1 Wob, alsnog openbaar gemaakt: 5. Mogelijke problemen 1.",deels openbaar,
2615,Ik heb besloten de door u gevraagde documenten niet openbaar te maken. De inventarislijst maakt integraal onderdeel uit van dit deelbesluit. Voor de toegepaste weigeringsgronden verwijs ik u naar de bijgevoegde inventarislijst. Voor de motivering verwijs ik naar het onderdeel “Overwegingen” in dit (deel)besluit.,afgewezen,
2616,"Ik heb besloten uw verzoek af te wijzen. Plaatsing op internet Dit besluit zal geanonimiseerd op www.rijksoverheid.nl worden geplaatst. Ik vertrouw erop u hiermee voldoende te hebben geïnformeerd. Hoogachtend, DE MINISTER VAN INFRASTRUCTUUR EN WATERSTAAT, namens deze, DIRECTEUR- GENERAAL MOBILITEIT Drs.",afgewezen,
2617,Ik heb besloten uw Wob-verzoek af te wijzen. Dit betekent dat de door u gevraagde informatie niet aan u werdt verstrekt. In het navolgende kunt u lezen hoe ik tot dit besluit ben gekomen.,afgewezen,
2618,Ik heb besloten om uw verzoek af te wijzen. Voor de motivering verwijs ik naar het onderdeel ‘Overwegingen’ van dit besluit. Overwegingen U verzoekt om documenten/gegevens waaruit blijkt dat dat er op grond van het gestelde bij of krachtens de vernietigde wetgeving Programmatische Aanpak Stikstof een voorziening was getroffen voor de stikstofdepositie van het wegverkeer ten behoeve van de uitbreiding van Lelystad Airport met 45.000 vliegbewegingen per jaar. Deze informatie is reeds algemeen openbaar gemaakt.,afgewezen,
2619,Ik heb besloten om uw verzoek af te wijzen. Voor de motivering verwijs ik naar het onderdeel ‘Overwegingen’ van dit besluit.,afgewezen,
2620,"Ik verklaar uw bezwaarschrift gegrond. Ik heb besloten uw verzoek te honoreren met uitzondering van de in de documenten opgenomen persoonsgegevens, Wijze van openbaarmaking De aangetroffen documenten: - zal Ik u geanonimiseerd per aangetekende post toezenden en - worden geanonimiseerd openbaar gemaakt op www.rijksoverheid.nl. Vergoeding kosten bezwaar U heeft verzocht om vergoeding van de kosten van bezwaar met een beroep op artikel 7:15, tweede lid, van de Awb. Op grond van dit artikel worden de kosten die in verband met de behandeling van het bezwaar redelijkerwijs zijn gemaakt, vergoed voor zover het bestreden besluit wordt herroepen wegens een aan het bestuursorgaan te wijten onrechtmatigheid.",deels openbaar,
2621,"Ik heb besloten uw verzoek niet te honoreren en daarbij het bedoelde document niet openbaar te maken. Voor de motivering verwijs ik naar het onderdeel ‘Overwegingen’ in dit besluit. Overwegingen Ingevolge artikel 3, vijfde lid, van de Wob, wordt een verzoek om informatie ingewilligd met inachtneming van het bepaalde in de artikelen 10 en 11 van de Wob. H lang van rekkingen van Nederland m nder nenm internationale organisati ikel 1 Ww li nder Op grond van artikel 10, tweede lid, aanhef en onder a, van de Wob blijft verstrekking van informatie achterwege voor zover het belang daarvan niet opweegt tegen het belang van de betrekkingen van Nederland met andere staten en met internationale organisaties.",afgewezen,
2622,Ik heb besloten uw verzoek af te wijzen en het aangetroffen document niet openbaar te maken. Voor de motivering verwijs ik naar het onderdeel ‘Overwegingen’ van dit besluit.,afgewezen,
2623,Ik heb besloten uw verzoek af te wijzen en de documenten zoals weergeven op de inventarislijst niet openbaar te maken. Voor de motivering verwijs ik naar het onderdeel ‘Overwegingen’ van dit besluit. De inventarislijst maakt integraal onderdeel uit van dit besluit. Voor de toegepaste weigeringsgronden van de documenten wil ik u verwijzen naar de inventarislijst.,afgewezen,
2624,"Op basis van uw verzoek zijn geen onder de reikwijdte van uw verzoek vallende documenten aangetroffen. Dit betekent dat ik uw verzoek afwijs. Hiertoe overweeg ik als volgt. Aantal Wob-verzoeken en ingebrekestellingen In de jaarverslagen van mijn ministerie 2017-2020 treft u, voor zover bijgehouden en aanwezig, de door u gevraagde gegevens aan over de behandelingstermijn, aantallen ontvangen ingebrekestellingen.",niet aanwezig,
2625,Ik heb besloten uw verzoek af te wijzen en de documenten zoals opgenomen op de inventarislijst niet openbaar te maken. De inventarislijst maakt integraal onderdeel uit van dit besluit. Voor de toegepaste weigeringsgronden van de documenten wil ik u verwijzen naar de inventarislijst. Voor de motivering verwijs ik naar het onderdeel ‘Overwegingen’ van dit besluit.,afgewezen,
2626,Ik heb besloten om uw verzoek af te wijzen. Voor de motivering verwijs ik naar het onderdeel ‘Overwegingen’ van dit besluit.,afgewezen,
2627,"Ik heb besloten de documenten openbaar te maken met uitzondering van de daarin vermelde persoonsgegevens. Voor de motivering verwijs ik naar het onderdeel ‘Overwegingen’ van dit besluit. Overwegingen Ingevolge artikel 3, vijfde lid, van de Wob, wordt een verzoek om informatie ingewilligd met inachtneming van het bepaalde in de artikelen 10 en 11 vande Wob. De eerbiediging van de persoonlijke levenssfeer Op grond van artikel 10, tweede lid, aanhef en ondere, van de Wob blijft verstrekking van informatie achterwege voor zover het belang daarvan niet opweegt tegen het belang dat de persoonlijke levenssfeer wordt geëerbiedigd.",deels openbaar,
2628,"Ik heb besloten uw verzoek af te wijzen, omdat de door u opgevraagde documenten reeds openbaar zijn en voor een ieder toegankelijk. Om u ter wille te zijn, verwijs ik u naar de vindplaats van de documenten, zie bijlage 2.",afgewezen,
2629,Uw bezwaar wordt ongegrond verklaard voor zover het informatie betreft die afkomstig is van en/of gericht aan de Belastingdienst/Douane (hierna: Douane). Zoals uit de uitspraak van 24 maart 2022 van de rechtbank Zeeland-West- Brabant! blijkt is de Wet openbaarheid van bestuur immers niet van toepassing op dergelijke informatie en valt deze informatie daarom buiten het bereik van het door u ingediende Wob/Woo-verzoek. Dit is onder de Wet open overheid (hierna: Woo) niet anders. Uw bezwaar wordt eveneens ongegrond verklaard voor zover het betreft de in het primaire besluit opgenomen blanco modelformulieren en de gebruiksaanwijzingen hoe deze formulieren in te vullen.,afgewezen,
2630,Ik verklaar uw bezwaar gegrond. Hierna leg ik uit waarom. Verloop van de procedure Op 1 juli 2021 heeft u een Wob-verzoek ingediend. Verzocht is om alle documenten die ten grondslag liggen aan de beslissing van de Inspectie Leefomgeving en Transport (hierna: ILT) om een verklaring van geen bezwaar af te geven voor het windpark Zeewolde.,deels openbaar,
2631,"Ik verklaar uw bezwaar gegrond en wijs het verzoek om vergoeding van de kosten in bezwaar van in totaal € 1.082,- toe. Procesverloop Bij brief en e-mail van 10 juni 2021 (uw kenmerk: 0283678.0001/3756517) heeft met een beroep op de Wet openbaarheid van bestuur (hierna: de Wob) - samengevat - verzocht om documenten met betrekking tot de communicatie tussen de Staat/Ministeries en Fastned (voorheen: Breesaap) en haar vertegenwoordigers in de periode vanaf januari 2010 tot en met de datum van uw verzoek. De communicatie heeft betrekking op het elektrisch laden langs de Nederlandse Rijkswegen en de daarbij behorende procedures (bestuursrechtelijk en civielrechtelijk), alsmede de loting die in 2012 heeft plaatsgevonden voor het toestaan van elektrische laadpunten als basisvoorziening op verzorgingsplaatsen langs de Nederlandse Rijkswegen. U verwijst daarbij naar een boek van één van de oprichters van Fastned en gesprekken waarnaar in dat boek verwezen wordt.",deels openbaar,
2632,Ik heb besloten uw verzoek af te wijzen en de documenten zoals opgenomen op de inventarislijst niet openbaar te maken. De inventarislijst maakt integraal onderdeel uit van dit besluit. Voor de toegepaste weigeringsgronden van de documenten wil ik u verwijzen naar de inventarislijst. Voor de motivering verwijs ik naar het onderdeel ‘Overwegingen’ van dit besluit.,afgewezen,
2633,"Ik verklaar uw bezwaar niet ontvankelijk. Hierna leg ik uit waarom. 1. Verloop van de procedure Op 30 augustus 2021 is een Wob-verzoek ingediend, waarin is verzocht om informatie neergelegd in documenten inzake de vaststelling van de drinkwatertarieven over het jaar 2021 door WML.",afgewezen,
2634,Ik heb besloten uw verzoek af te wijzen en de documenten zoals opgenomen op de inventarislijst niet openbaar te maken. De inventarislijst maakt integraal onderdeel uit van dit besluit. Voor de toegepaste weigeringsgronden verwijs ik u naar de inventarislijst. Voor de motivering verwijs ik naar het onderdeel ‘Overwegingen’ van dit besluit.,afgewezen,
2635,Ik heb besloten uw verzoek af te wijzen.,afgewezen,
2636,"Ik heb besloten deze documenten openbaar te maken met uitzondering van de daarin vermelde persoonsgegevens. Overwegingen De eerbiediging van de persoonlijke levenssfeer Op grond van artikel 10, tweede lid, aanhef en onder e, van de Wob blijft verstrekking van informatie achterwege voor zover het belang daarvan niet opweegt tegen het belang dat de persoonlijke levenssfeer wordt geëerbiedigd. In een aantal documenten staan persoonsgegevens. Dit zijn gegevens die herleidbaar zijn tot een persoon, zoals namen, e-mailadressen, functieaanduidingen en rechtstreekse telefoonnummers.",deels openbaar,
2637,"Ik verklaar uw bezwaar niet-ontvankelijk. Hierna leg ik uit waarom. 1. Verloop van de procedure Op 12 november 2021 heeft u namens een Wob-verzoek ingediend, waarin is verzocht om informatie die betrekking heeft op de locatie Park 15 te Oosterhout.",afgewezen,
2638,Ik heb besloten uw verzoek af te wijzen en het aangetroffen document niet openbaar te maken. Voor de motivering verwijs ik naar het onderdeel ‘Overwegingen’ van dit besluit. Overwegingen Algemene overweging: openbaarheid t.a.v. eenieder De Woo gaat uit van een recht op openbaarheid van publieke informatie (art.,afgewezen,
2639,Ik heb besloten uw verzoek af te wijzen en de documenten zoals opgenomen op de inventarislijst niet openbaar te maken. De inventarislijst maakt integraal onderdeel uit van dit besluit. Voor de toegepaste uitzonderingsgronden van de documenten verwijs ik u naar de inventarislijst. Voor de motivering verwijs ik naar het onderdeel ‘Overwegingen’ van dit besluit.,afgewezen,
2640,Ik heb besloten uw verzoek af te wijzen en de documenten zoals opgenomen op de inventarislijst niet openbaar te maken. De inventarislijst maakt integraal onderdeel uit van dit besluit.,afgewezen,
2641,"Gelet op hetgeen hierna wordt overwogen, verklaar ik het bezwaar gegrond voor zover dit ziet op de toepassing van de uitzonderingsgrond van artikel 5.1, tweede lid, aanhef en onder b, van de Woo. Voor het overige handhaaf ik mijn besluit van 15 september 2022 onder hierna genoemde aanvullende motivering. Vergoeding kosten bezwaar U heeft verzocht om vergoeding van de kosten van bezwaar met een beroep op artikel 7:15, tweede lid, van de Algemene wet bestuursrecht (hierna: Awb). Op grond van dit artikel worden de kosten die in verband met de behandeling van het bezwaar redelijkerwijs zijn gemaakt, vergoed voor zover het bestreden besluit wordt herroepen wegens een aan het bestuursorgaan te wijten onrechtmatigheid.",deels openbaar,
2642,Ik wijs uw verzoek om informatie af. De door u gevraagde documenten zijn bij het ministerie van Infrastructuur en Waterstaat (hierna: IenW) niet aangetroffen. Na oplevering van het Eindproduct Participatietraject op 15 november 2022 is op initiatief van RTHA op 2 februari jl. een evaluatiegesprek gevoerd met de deelnemers van het participatietraject.,niet aanwezig,
2643,"Ik verklaar het bezwaar van waarom. ongegrond. Hierna leg ik uit 1. Verloop van de procedure Op 27 mei 2022 is een Woo-verzoek ingediend, waarbij is verzocht om openbaarmaking van informatie omtrent de toepassing van staalslakken.",afgewezen,
2644,De Woo is niet van toepassing op informatie die reeds openbaar is. U verzoek heeft betrekking op wet- en regelgeving. Dit betreft openbare informatie. Daarom heb ik besloten om afwijzend op uw Woo-verzoek te beslissen.,afgewezen,
2645,Ik heb besloten uw verzoek af te wijzen. In het navolgende kunt u lezen hoe ik tot dit besluit ben gekomen. Inspectie Leefomgeving en Transport Ministerie van Infrastructuur en Waterstaat Juridische Zaken Rijnstraat 8 Den Haag Postbus 16191 2500 BD Den Haag T 088- 489 0000 F 070 - 456 2799 www.,afgewezen,
2646,Ik heb besloten uw verzoek af te wijzen. In het navolgende kunt u lezen hoe ik tot dit besluit ben gekomen.,afgewezen,
2647,"Gelet op mijn overwegingen besluit ik namens de Staatssecretaris van Infrastructuur en Waterstaat tot oplegging van een last onder dwangsom aan de Melspring International B.V. Dit besluit strekt ertoe om beëindiging van overtreding van de Wet gewasbeschermingsmiddelen en biociden (hierna: Wgb)te bewerkstelligen en herhaling van overtreding van de Wgb in de toekomst te voorkomen. Last 1: het stoppen met het aanbieden en gebruiken van de niet toegelaten biocide Melspring Easyflow Ten aanzien van artikel 43, lid 1 Wgb in samenhang met artikel 17, lid 1, van de Biocidal Products Regulation (hierna:BPR) gelast ik u om binnen 6 weken na dagtekening van deze beschikking, zijnde de begunstigingstermijn, te voldoen aan de biociden regelgeving door te stoppen met het aanbieden en gebruiken van de niet toegelaten biocide Melspring Easyflow. Om de overtreding te beëindigen moet u: a.",deels openbaar,
2649,Ik heb besloten uw verzoek af te wijzen. De documenten met nummers 1 en 2 zijn reeds openbaar en voor een ieder beschikbaar. De Wob is niet van toepassing op reeds openbare documenten.,afgewezen,
2650,De informatie waarom u heeft verzocht is reeds openbaar. In bijlage 2 - inventarislijst is de vindplaats van deze documenten vermeld. Omdat de Wob niet van toepassing is op reeds openbare informatie moet ik uw verzoek afwijzen.,afgewezen,
2651,"Ik heb besloten de documenten openbaar te maken met uitzondering van de daarin vermelde persoonsgegevens. Op de inventarislijst staat bij deze documenten aangegeven dat slechts de uitzonderingsgrond uit artikel 10, tweede lid, aanhef en onder e‚ van de Wob (aangeduid met de afkorting 10.2.e) is toegepast. Voor de motivering verwijs ik naar onderdeel “Overwegingen” van dit besluit. Directoraat-Generaal Stikstof Bezoekadres Bezuidenhoutseweg 73 2594 AC Den Haag Postadres Postbus 20401 2500 EK Den Haag Overkeidsidentificatienr 00000001858272854000 T 070 379 8911 (algemeen) F 070 378 6100 (algemeen) www.",deels openbaar,
2652,"Ik heb besloten alle documenten openbaar te maken met uitzondering van de daarin vermelde persoonsgegevens. Op de inventarislijst staat bij de documenten aangegeven dat slechts de uitzonderingsgrond uit artikel 10, tweede lid, aanhef en onder e, van de Wob (aangeduid met de afkorting 10.2.e) is toegepast. Voor de motivering verwijs ik naar het onderdeel Overwegingen van dit besluit. Overwegingen Allereerst wil ik u wijzen op het volgende.",deels openbaar,
2653,"Ik heb besloten de door u gevraagde informatie opgenomen in de documenten met nummers 1, 2, 3, 4 en 5 niet openbaar te maken. Voor de motivering verwijs ik naar onderdeel overwegingen van dit besluit. Overwegingen Algemene overweging: openbaarheid t.a.v. een ieder Allereerst wil ik u wijzen op het volgende.",afgewezen,
2654,"Ik heb besloten aan uw verzoek tegemoet te komen en de informatie, waar u om heeft verzocht, openbaar te maken. Naar mijn mening zijn er geen redenen om uw verzoek af te wijzen. Deze door u gevraagde gegevens zijn vertrouwelijk door de betreffende bedrijven aan RVO verstrekt. Maar omdat de gegevens in anonieme vorm openbaar worden gemaakt zijn individuele bedrijven niet uit deze gegevens te herleiden.",deels openbaar,
2656,Ik heb besloten aan uw verzoek tegemoet te komen en de documenten 1 tot en met 7 openbaar te maken. Voor de motivering verwijs ik naar het onderdeel Overwegingen van dit besluit. Overwegingen Algemene overweging: openbaarheid t.a.v. een ieder Allereerst wil ik u wijzen op het volgende.,openbaar,
2657,Ik heb besloten uw verzoek af te wijzen aangezien de informatie waar u om vraagt reeds openbaar is. In de inventarislijst is de vindplaats van de informatie vermeld.,afgewezen,
2659,Ik heb besloten uw verzoek af te wijzen omdat RVO niet beschikt over de door u genoemde informatie. Voor de punten 1 en 14 is deze informatie reeds openbaar. De vindplaats is in bijlage 2 — inventarislijst vermeld.,niet aanwezig,
2660,"Concluderend is uw bezwaar gegrond wat de bedoelde passages in de documenten 1,6, 10, 11 en 20 betreft. Voor het overige is uw bezwaar ongegrond.",deels openbaar,
2661,Ik heb besloten de door u gevraagde informatie niet openbaar te maken. Voor de motivering verwijs ik naar het onderdeel Overwegingen van dit besluit.,afgewezen,
2662,Ik heb besloten aan uw verzoek tegemoet te komen en de informatie waar uom heeft verzocht openbaar te maken. Voor de motivering verwijs ik naar het onderdeel Overwegingen van dit besluit. Overwegingen Algemene overweging: openbaarheid t.a.v. een ieder Allereerst wil ik u wijzen op het volgende.,openbaar,
2665,"Ik besluit de documenten waarin de door u opgevraagde informatie staat openbaar te maken met uitzondering van de persoonsgegevens die daarin staan. In de documenten verstrek ik bepaalde informatie ter bescherming van de persoonlijke levenssfeer van de bij de documenten betrokken personen niet onder vermelding van 10.2.e (Wob). Omdat deze wet per 1 mei 2022 is vervangen door de Woo, dient hiervoor 5.1.2.e (Woo) te worden gelezen. Overwegingen Als eerste wil ik u wijzen op het volgende.",deels openbaar,
2666,Ik besluit de door u gevraagde informatie in het geheel niet openbaar te maken. Overwegingen Algemene overweging: openbaarheid t.a.v. een ieder Als eerste wil ik u wijzen op het volgende. Iedereen heeft het recht om overheidsinformatie op te kunnen vragen zonder daarbij een reden te hoeven aangeven.,afgewezen,
2667,"In de documenten resteert er, na weglating van de informatie die ik niet openbaar maak, geen informatie over de aangelegenheid waarover u informatie verzocht. Ik heb daarom besloten deze documenten in het geheel niet openbaar te maken. Voor de motivering van dit besluit verwijs ik naar het onderdeel “Overwegingen” van deze brief. Overwegingen Algemene overweging: openbaarheid t.a.v.",afgewezen,
2668,Ik heb besloten uw verzoek af te wijzen aangezien de gevraagde informatie reeds openbaar is gemaakt.,afgewezen,
2669,"Aangezien het een niet gespecificeerd verzoek betreft, moet ik uw verzoek afwijzen. In uw verzoek wordt niet vermeld naar welke documenten of informatie u zoekt. Omdat op het verzoek tot specificeren geen reactie is ontvangen is niet voldaan aan de in artikel 3, tweede lid, van de Wob gestelde voorwaarden. Plaatsing op internet Dit besluit wordt geanonimiseerd op www.rijksoverheid.nl geplaatst.",afgewezen,
2670,Ik heb besloten uw verzoek af te wijzen en de informatie waar u om verzoekt niet openbaar te maken. Voor de motivering verwijs ik naar het hiernavolgende. Overwegingen Algemene overweging: openbaarheid t.a.v. een ieder Als eerste wil ik u erop wijzen dat iedereen het recht heeft om overheidsinformatie op te kunnen vragen zonder daarbij een reden te hoeven aangeven.,afgewezen,
2671,"Onze referentie Ik heb besloten uw verzoek af te wijzen aangezien er sprake is van een niet Woof 2022/0903 gespecificeerd verzoek. Beoordeling van uw verzoek Artikel 4.1, vijfde lid van de Woo bepaalt dat indien een verzoek te algemeen geformuleerd is, het bestuursorgaan binnen twee weken na ontvangst van het verzoek de verzoeker vraagt om het ingediende verzoek te verduidelijken. Als een verzoeker niet meewerkt aan een verzoek tot precisering kan, ingevolge art. 4.1, zesde lid van de Woo, besloten worden om het verzoek buiten behandeling te stellen.",afgewezen,
2672,Ik heb besloten uw verzoek af te wijzen en de informatie waar u om verzocht heeft niet openbaar te maken. Voor de motivering verwijs ik naar het hiernavolgende. Overwegingen Algemene overweging: openbaarheid t.a.v. een ieder Als eerste wil ik u erop wijzen dat iedereen het recht heeft om overheidsinformatie op te kunnen vragen zonder daarbij een reden te hoeven aangeven.,afgewezen,
2673,In betreffend document wordt verwezen naar een fotobijlage in een krantenartikel dat reeds openbaar is.,afgewezen,
2674,"Er zijn voor het genoemde adres geen fosfaatrechten beschikt. Om deze reden wijs ik uw verzoek af. Wijze van openbaarmaking Een geanonimiseerde kopie van dit besluit zal ik binnenkort publiceren op www.rijksoverheid.nl. Meer informatie Heeft u vragen, kijk dan op www.rvo.nl.",niet aanwezig,
2675,Ik heb besloten niet aan uw verzoek tegemoet te komen en de informatie waar u om verzocht niet openbaar te maken. Voor de motivering verwijs ik naar het onderdeel ‘Overwegingen van dit besluit’.,afgewezen,
2676,Ik besluit uw verzoek af te wijzen en de door u gevraagde informatie in het geheel niet openbaar te maken. Voor de motivering van dit besluit verwijs ik naar het onderdeel “Overwegingen” van deze brief. Overwegingen Algemene overweging: openbaarheid t.a.v. een ieder Als eerste wil ik u wijzen op het volgende.,afgewezen,
2677,"Uw verzoek valt niet onder de reikwijdte van de Woo. Motivering De door u gevraagde informatie heeft betrekking op de WBSO. Ten aanzien van de informatie waar u om vraagt, geldt een speciale openbaarheidsregeling die voorrang heeft boven de Woo. Uw verzoek heeft betrekking op aan Rijksdienst voor Ondernemend Nederland verstrekte informatie in het kader van de WBSO, formeel : Wet Vermindering afdracht loonbelasting en premies volksverzekeringen (hierna: WVA).",afgewezen,
2678,"Ik neem uw verzoek niet in behandeling. Motivering Iedereen kan een verzoek om openbaarmaking van informatie doen. De verzoeker moet daarin aangeven over welke aangelegenheid of welk specifieke document hij informatie wenst te ontvangen. Bij een te algemeen verzoek moet ik binnen twee weken aan de verzoeker vragen het verzoek zo snel mogelijk te preciseren en moet ik de verzoeker daarbij behulpzaam zijn (zie: artikel 4.1, vijfde lid Woo).",afgewezen,
2679,Ik heb besloten de informatie die u vraagt niet openbaar te maken. Hieronder kunt u lezen waarom ik heb besloten de informatie die u vraagt niet openbaar te maken. Beoordeling van uw verzoek Uw verzoek gaat over publieke informatie die in één of meer documenten staat. Daarom is de Wet open overheid (Woo) van toepassing.,afgewezen,
2680,"Ik heb besloten het document niet openbaar te maken. Waarom ik deze informatie niet openbaar maak, leest u verderop in deze brief. In bijlage 1 vindt u een opsomming van de artikelen uit de Woo die voor mijn besluit van belang zijn. Beoordeling van uw verzoek Uw verzoeken gaan over publieke informatie die in één of meer documenten staat.",afgewezen,
2681,Ik besluit de door u gevraagde informatie in het geheel niet openbaar te maken.,afgewezen,
2682,Ik behandel uw verzoek als een verzoek op grond van de Wet open overheid (hierna: Woo). De Woo is niet van toepassing op documenten die al openbaar zijn. De meldingen waar u om verzoekt zijn al openbaar en kunt u vinden op internet. U vindt deze documenten op: https://www.rijksoverheid.nl/documenten/woo- besluiten/2023/06/06/besluit-op-woo-verzoek-over-veetransporten-van-en-naar- belgie Plaatsing op internet Dit besluit wordt op www.rijksoverheid.nl gepubliceerd.,afgewezen,
2683,Ik heb besloten uw verzoek af te wijzen omdat ik niet beschik over documenten of bestanden met de door u gevraagde informatie.,niet aanwezig,
2684,Ik heb besloten uw verzoek af te wijzen aangezien uw verzoek te algemeen is geformuleerd en u niet binnen twee weken uw verzoek heeft gespecificeerd. Plaatsing op internet Een geanonimiseerde kopie van dit besluit wordt op www. rijksoverheid.nl geplaatst.,afgewezen,
2685,"Ik besluit de door u (aanvullend) gevraagde informatie in het geheel niet openbaar te maken. Plaatsing op internet Het besluit zal geanonimiseerd op www.rijksoverheid.nl worden geplaatst. Vragen Als u vragen heeft over de afhandeling van uw verzoek, dan kunt u mailen naar wooverzoeken@nvwa.nl. Voor meer informatie over de Woo-procedure, kunt u kijken op www.rijksoverheid.nl.",afgewezen,
2686,"Ik besluit de door u gevraagde informatie niet openbaar te maken. Voor de motivering van dit besluit verwijs ik naar het onderdeel ‘Overwegingen’ van deze brief. Ik zie mogelijkheid nu reeds te besluiten, ondanks het feit dat nog steeds een preciseringsverzoek voorligt. Ook dit zal ik hieronder uitleggen.",afgewezen,
2687,Ik heb besloten uw verzoek af te wijzen aangezien de aanwezige informatie al openbaar is gemaakt en er verder geen documenten bij het Ministerie aanwezig zijn met de door u gevraagde informatie.,afgewezen,
